#{"t_start": 1741449684.657253, "env_id": "None"}
r,l,t
-1049.7233,297,10.828005
-1903.0642,300,11.128573
2508.4968,336,12.013685
-1571.6736,364,12.773161
1832.9146,404,18.408843
-3104.9731,439,19.243458
2600.447,854,21.25472
2752.7466,907,22.326525
2333.4954,636,23.479529
3836.0867,1001,24.140394
3129.0884,1001,24.140394
-2384.414,257,26.91663
-5373.549,846,27.810756
-1109.483,253,28.651343
-3322.0881,588,29.920263
1559.0311,205,30.763622
-3965.5679,673,31.071059
-2824.3826,476,32.317798
1456.0605,328,33.862753
-918.6916,267,34.886621
-1731.0657,263,36.833015
-2407.3,363,37.405494
-7667.4795,1001,39.47142
771.5348,402,41.794106
-9205.166,1001,42.098275
-1427.0592,165,42.594434
2555.5847,364,52.021558
-2975.8652,1001,54.8046
-3052.4106,552,55.537531
-1103.1074,336,56.749663
-6960.4985,1001,57.203312
3673.0322,1001,59.892909
-456.7152,470,60.18434
1099.0797,237,61.273334
5008.4517,852,64.956375
127.25721,532,65.739941
1551.6294,300,66.261988
1192.3291,1001,67.878006
-549.5818,186,68.55954
527.1788,900,70.587913
-6142.796,889,71.155511
-2729.2976,256,72.592548
-6933.4487,857,74.878225
-268.8499,426,75.952375
-1414.2526,1001,77.322077
-1273.8331,142,77.602853
-835.6192,716,78.802356
2390.232,444,80.495514
-4812.46,557,81.172066
189.54234,367,83.922743
-6445.17,1001,84.168383
1818.4175,367,84.435759
-1405.5201,1001,96.388976
2613.6782,432,96.771216
-2558.202,785,98.06158
1156.187,349,98.444988
-1648.0276,655,98.692249
-1164.1852,574,102.135794
-7163.801,941,104.643698
1915.9662,486,104.961511
-1240.4795,397,105.210111
-2789.7559,572,107.889202
-8908.738,987,109.296794
-3653.2866,591,112.075658
-7123.162,1001,113.621125
-7118.023,931,114.233522
744.69904,542,114.593464
-350.82654,583,115.399026
957.4935,236,116.653867
-3665.8784,582,118.225629
3712.1045,1001,122.222924
-1813.2775,728,126.678251
-1004.7362,663,127.136096
1900.6884,1001,127.136096
926.3037,638,129.790368
-4563.8735,864,130.246504
-7466.3276,781,131.161537
-1533.0225,209,131.441551
-7333.896,909,131.84971
-4930.0215,612,144.806097
2019.6992,430,146.34155
657.6793,253,146.81404
1172.2568,322,148.690403
1394.2839,556,152.236334
1177.3716,288,152.861442
1450.1174,885,155.968423
-6912.9194,765,157.7904
1103.056,653,158.660747
-9279.528,1001,161.224441
858.23413,474,161.68714
-959.07697,279,163.976732
1917.3899,475,165.362375
-7939.2397,1001,167.054603
-6682.9346,1001,168.574183
-2112.6443,317,171.389467
3408.9355,1001,172.275023
-2602.4336,228,172.893066
-2364.3745,336,173.641744
4041.3538,635,174.153071
-4213.5015,563,175.175899
1618.3347,928,176.291212
-2117.1057,236,176.701458
-6665.204,801,177.573338
-1618.7076,163,177.951915
2527.061,393,182.943559
380.6428,364,192.524831
2639.1711,376,192.524831
-2988.7205,653,193.350557
-1053.687,197,196.634958
-7444.3716,940,198.80934
2402.3198,390,199.551148
-4822.412,870,200.608235
-10425.844,1001,200.982741
-10262.76,1001,203.512114
-113.7871,338,205.741609
-2811.7776,394,208.363806
-7737.6055,868,209.146605
-415.97623,461,210.034859
-6398.9497,1001,210.33509
2606.945,307,211.905606
-6334.65,655,212.800591
-3675.7422,486,213.470307
-1001.7578,197,214.400712
2483.3813,880,214.684294
451.74893,343,217.239164
1553.0424,269,218.829708
-5469.8936,703,226.067806
-9157.388,1001,227.686656
306.26993,864,228.333118
-6903.885,1001,228.597568
-2592.3093,1001,240.786161
-4709.846,1001,241.066845
-1505.6909,410,241.790887
1570.5876,392,243.005355
582.6472,372,243.365857
-10462.185,1001,243.890239
-1427.3767,429,244.690651
-7195.5156,1001,245.600149
-1927.2523,290,246.861038
-1567.0913,222,247.769809
-2320.5598,295,248.011311
-2670.3796,355,254.502401
4421.2715,694,254.970729
-4393.676,590,256.002341
322.60812,415,256.875643
-4109.7017,540,257.262294
-5177.5977,909,264.63454
1995.7467,356,265.569593
-3315.4692,820,267.503057
-580.241,132,269.355648
-2642.656,1001,270.281071
-4530.004,510,272.171313
2438.449,346,276.815404
-794.19885,723,277.481184
613.5353,315,279.527922
2632.034,384,284.327887
18.817144,902,285.611471
221.5873,275,287.044837
-8599.109,959,288.346715
-2432.0461,552,288.992374
-3465.3088,890,305.160398
-2607.7073,392,305.924641
1005.1569,383,307.716714
-4405.8335,1001,318.12063
-3787.6348,1001,320.430002
-3783.5034,1001,325.916452
-7705.225,1001,328.164924
-6367.8794,1001,328.814811
-3567.834,422,331.810839
-4404.3164,463,335.510601
-7031.791,1001,337.416126
-2883.6677,346,337.752808
-4487.4756,998,338.467876
4506.6562,1001,340.372134
984.7865,196,344.211196
-253.4181,194,344.803134
1650.0327,491,345.156209
1080.4631,255,346.715405
1932.8324,437,347.021526
1592.8712,532,347.433315
305.02203,394,354.194702
-2720.091,339,358.167168
3184.7053,522,364.843012
2825.8752,515,365.099701
-1095.9113,588,365.410431
-2844.8184,305,369.072583
2138.5586,1001,370.542865
-5744.657,871,385.06605
-4450.297,907,386.179513
-3172.9246,364,387.391589
-2705.7695,379,388.092585
-964.07416,214,392.369353
-1578.5251,169,393.146432
-3803.8286,435,395.126055
2169.5183,616,396.099061
757.3288,1001,398.370834
-2397.9353,241,401.357784
-4468.248,717,403.434047
-1818.0948,463,408.733928
96.747086,484,412.103543
-1990.8662,327,413.089178
-2935.0962,330,415.024108
-6187.323,950,420.349843
1353.2195,1001,420.71743
-2875.8928,280,421.620582
52.251724,695,422.44841
-1089.7324,292,423.150337
1295.0269,874,426.087291
1510.3405,219,427.931898
-2548.8357,295,430.328824
-4592.9526,470,430.686622
-891.0307,368,433.667033
-371.01575,378,435.027842
1908.2025,310,436.180694
-2736.0847,275,437.159087
3536.334,888,439.090247
-1141.9343,226,442.054523
-1949.8086,226,444.981593
1909.7498,268,445.69844
-2236.754,400,449.314761
-2020.9343,308,462.168906
-2887.204,407,463.096193
-4398.8496,693,464.728454
-2439.3875,1001,466.651196
1359.2002,374,468.121789
1132.4266,187,469.078659
2577.7598,405,473.617654
2721.6978,1001,475.649153
-320.69626,151,478.526727
2636.5857,470,483.992844
4329.5947,1001,488.90882
1590.2838,389,490.742176
-804.3393,265,492.796432
-443.7033,1001,495.944908
-224.15327,215,496.371535
-6122.4795,1001,498.015598
127.084465,1001,499.981549
-6724.41,989,501.278441
-953.4206,214,503.587706
-6958.7935,924,505.946734
-4388.0273,502,507.719056
-1655.7311,170,509.345788
2523.8784,423,510.978596
2173.325,492,517.251314
1656.7596,603,518.143574
2623.866,605,520.104782
520.44055,357,523.113951
-8020.5024,903,524.086569
-4435.613,550,526.843478
2574.0325,590,529.463006
589.1191,552,548.342767
985.97217,471,549.207494
-8307.74,1001,549.614785
2172.0093,378,551.87145
-2201.3713,641,554.37658
-1891.1372,1001,560.903
-8703.001,1001,561.98939
-2699.8513,395,563.029681
173.30383,328,563.314341
-3753.8013,441,564.506736
869.6651,153,566.723272
-3782.366,1001,570.449662
-2009.8046,249,571.961145
1520.633,823,576.692908
1539.1516,380,577.469997
2414.7722,729,579.475651
-1304.2882,518,580.866288
1141.1788,421,585.3734
-3135.385,321,587.074203
3482.357,625,587.449229
-2358.711,272,589.718591
-1005.2055,154,590.873861
1505.2686,195,594.229489
-261.20007,535,595.511284
-4286.5513,1001,596.360813
-2460.7024,263,597.171462
1112.7603,265,603.000545
2889.1497,365,603.328042
-8376.567,1001,604.224146
-699.7187,436,604.740116
1851.0199,381,608.603821
-6253.379,890,609.219198
-2474.9224,332,629.079638
-4789.032,765,630.275906
-6761.1626,1001,637.883739
-2098.4514,287,638.610289
4784.0503,793,639.285893
2449.5735,1001,644.480427
-4121.8467,1001,644.789719
-1736.7766,1001,645.773464
-1923.8171,597,647.993442
1218.2013,263,647.993442
3698.396,1001,650.525331
1452.2485,211,651.951659
-3090.2158,323,655.291579
-1870.4094,259,656.588883
-4800.6606,527,662.829344
-4908.853,846,665.981135
-2250.3508,358,667.110391
-4291.0474,512,668.527376
-1337.2888,207,669.972723
-4933.9946,597,670.641433
-4486.775,1001,672.360253
1988.7904,85,673.912599
-5761.86,631,677.438519
1393.338,328,678.364998
-937.6112,270,679.277953
-11038.174,1001,681.283696
-1558.494,278,681.606006
-1480.8396,524,686.315422
-220.30743,242,686.626243
2778.0298,378,701.856433
-1782.8461,584,703.229065
2291.75,404,705.127572
-1266.1139,1001,709.78055
-4238.4917,569,715.1787
-5066.496,968,719.538668
1941.5798,519,720.171828
-4053.5918,1001,724.129393
1689.692,752,726.108833
353.48196,277,728.432611
-1046.736,1001,729.203419
-907.99915,289,729.576323
-1255.4124,764,730.007459
-4350.3687,685,732.403004
-1582.9268,182,736.235286
1437.21,233,737.005721
-6033.833,653,737.441345
527.1844,356,741.643721
-977.8765,222,744.238629
2001.7279,501,746.235176
-928.6485,300,746.571913
1298.3834,401,749.130216
-1889.4166,223,753.596932
-2844.4468,1001,756.901593
-849.81885,770,757.337301
-5970.5903,1001,759.387514
-1267.1228,579,760.381042
-4015.2625,562,774.688977
1488.4318,324,778.299243
-2920.4167,416,783.550888
317.22495,693,786.688554
2986.706,500,787.072818
-6625.4185,1001,787.574172
4850.7617,1001,792.251842
-3302.927,341,794.865376
2084.8354,411,800.822078
489.04163,1001,801.086542
3332.8025,1001,807.491883
-2246.4502,694,809.396518
-1564.1471,282,809.899583
2376.9292,315,811.2837
-6290.103,1001,811.605945
-1716.2693,1001,819.38663
-247.78802,1001,824.545766
817.3027,190,825.433733
-3610.9534,497,825.789523
-2418.2395,464,826.489291
1024.2441,602,827.502351
-7953.826,1001,827.816925
-2790.0337,516,828.566388
-1585.8125,195,832.648797
-535.86536,240,835.815617
-4433.642,972,853.278021
-5031.1753,561,855.812785
3498.6548,640,858.798998
-3949.134,434,861.025937
857.62933,245,861.453648
-4729.052,615,863.528161
747.37836,814,865.396026
-2797.404,1001,869.046093
1040.6005,1001,871.953068
-1804.9727,462,873.868064
2628.2236,367,880.387019
-3825.0715,647,881.427241
-2676.4983,536,882.399225
-8232.436,847,882.984142
688.5355,426,885.584065
-6442.238,711,886.67065
1734.5516,332,892.654863
-4099.873,1001,893.703678
-3400.7048,331,896.330259
-3986.3303,513,897.816864
102.58132,804,899.869836
339.74426,590,901.835535
-98.36635,331,904.463596
3227.1853,459,907.646141
-2999.8728,380,914.296463
-2108.3271,1001,915.877954
-1802.1249,1001,919.382986
-3946.6672,500,934.329267
-535.9347,273,936.701625
-1925.258,1001,937.38781
853.86755,171,937.708941
3472.5396,1001,938.351455
-301.5456,521,939.051287
-3776.6584,1001,939.754436
-5957.1655,1001,942.39031
2593.369,365,944.108903
2051.7036,343,944.445609
-617.39136,273,945.111617
-1689.5034,322,948.482505
3947.497,1001,949.090919
-2403.8801,326,950.929645
3088.2322,612,958.967846
-2863.6606,1001,961.00088
-7563.4033,1001,962.087911
-4291.7305,480,962.484394
-5899.014,1001,963.33607
-667.92194,661,969.822102
-7236.8765,1001,971.124339
-2591.7502,471,972.704898
4218.761,1001,978.245512
-2409.3135,357,994.538181
1559.565,1001,1001.518179
-3488.436,1001,1002.429408
-2789.0063,1001,1002.800217
-4167.842,477,1003.833155
4859.5366,1001,1003.833155
-1681.6808,749,1004.372248
1835.5555,314,1004.773547
-6419.3975,1001,1013.848368
2730.832,499,1019.647043
-3889.6885,753,1025.990307
158.77255,295,1029.36731
-5236.6274,901,1033.406289
3957.5027,1001,1035.166155
2710.6726,1001,1035.598695
2372.145,1001,1036.433855
-541.7935,1001,1037.035558
-2454.929,349,1038.20501
1651.3076,279,1043.050272
4103.033,1001,1046.472728
2661.4617,545,1047.603734
263.04147,363,1048.82934
1394.8053,503,1054.237991
-3635.8545,585,1054.641506
-4477.9517,488,1058.798441
-796.78314,1001,1077.716881
-5382.1943,1001,1078.698554
-1601.885,354,1080.314185
-7939.8,1001,1088.496207
1548.5212,343,1088.99978
-2325.8787,1001,1089.696957
-8871.579,1001,1091.198094
1901.8688,383,1092.876846
3914.1196,1001,1096.791768
2990.938,1001,1097.192079
-3309.3613,543,1106.35937
2179.6548,370,1108.156303
-4031.851,566,1109.088952
3304.6462,1001,1111.20505
-1145.8777,185,1112.852099
-1908.8434,252,1116.632044
-5922.2144,801,1118.532951
-3080.428,359,1121.045705
500.37195,1001,1121.461653
-642.86,1001,1122.51532
-2845.645,311,1123.369696
1029.0426,183,1127.682582
2895.5347,1001,1129.81602
2503.205,432,1133.182457
-1997.0049,357,1135.292479
-1414.451,209,1136.959093
3447.7463,1001,1154.506897
-2431.1816,347,1156.533842
-4294.4478,1001,1160.077952
-1611.4419,217,1163.761446
-4155.1665,1001,1164.597826
-3996.0825,1001,1166.123204
-2952.264,1001,1171.28655
-8418.926,844,1174.699945
-838.727,1001,1176.344667
-838.2698,374,1177.118303
498.34415,360,1178.117556
-6105.085,1001,1187.297397
-3142.7778,405,1187.839285
-1481.8877,543,1189.189602
-3861.9026,1001,1194.330265
2469.777,535,1196.346094
-4773.1772,1001,1198.025785
-216.62933,165,1200.277928
-3290.8254,424,1204.633148
-1173.2471,200,1208.264466
1493.2712,307,1208.649625
-8388.92,1001,1212.743738
-5452.4385,1001,1213.551589
2078.0977,524,1218.160025
-2196.372,229,1231.525561
-4129.019,511,1233.111928
1007.98083,453,1234.866629
-1142.187,1001,1235.412731
-10794.943,1001,1236.813906
-1381.3405,172,1238.231402
-1495.0465,618,1244.779255
-4393.617,529,1246.798156
1487.1149,1001,1253.326304
-11042.257,1001,1266.57401
-3251.4158,628,1267.201352
-1701.6241,1001,1268.610263
948.31415,1001,1269.056432
-3825.061,1001,1270.483
-1416.3676,1001,1271.966383
-6863.767,1001,1278.566498
1638.8795,260,1279.425271
4193.763,1001,1286.717392
-6652.813,655,1288.962976
-2205.351,289,1308.170083
4761.0464,421,1310.332215
-611.15204,1001,1310.689308
2960.8167,1001,1312.093093
818.90234,1001,1312.66462
3015.049,1001,1315.157745
-478.96585,146,1317.699399
-2347.3652,248,1320.958305
-222.31284,306,1321.98478
-804.7709,1001,1322.444926
-2626.3367,1001,1323.316391
-950.11127,388,1328.586329
-2521.173,287,1331.688592
-3658.8623,459,1333.268631
378.82834,1001,1342.872488
-3698.269,1001,1345.053891
3345.4404,1001,1353.938319
-1362.5121,1001,1354.893793
-8339.43,1001,1356.161133
-5973.6255,1001,1361.479409
1231.0139,247,1362.436058
3326.209,980,1364.129807
4805.7495,1001,1366.354829
645.755,150,1366.739875
2422.4407,378,1368.950301
1875.9056,274,1372.200087
-3591.0796,1001,1376.364686
-2220.077,1001,1388.852159
-6264.645,622,1397.281403
1777.245,1001,1398.624175
-4487.96,604,1401.846064
-4877.272,472,1404.058996
-10154.095,1001,1407.618304
-682.3502,1001,1410.230308
-254.89229,274,1411.292115
4437.881,1001,1412.578517
704.9115,545,1415.838652
-4868.234,544,1417.163952
3268.8691,1001,1419.998553
861.84937,278,1426.245577
-6265.645,649,1436.873432
-1853.2803,1001,1437.308872
-295.49344,1001,1441.123023
-702.3728,1001,1443.508411
-864.46906,1001,1444.557392
914.4278,1001,1445.801955
-1085.5784,243,1451.18125
3073.5032,1001,1452.303912
-4219.6494,546,1467.181869
-905.9349,1001,1467.448778
-1688.9713,258,1468.395904
4258.417,617,1472.69131
-8112.9966,944,1476.136976
3577.728,1001,1478.207298
-3613.1404,469,1481.784804
3655.0493,1001,1485.378907
-5769.07,614,1486.264384
-5535.8706,1001,1491.960007
4735.514,1001,1498.77256
4379.758,1001,1503.62377
4492.595,1001,1507.262184
597.66266,1001,1509.156499
1064.1503,765,1509.687346
-5846.2046,978,1512.610347
-2080.7056,245,1515.087246
3555.7634,1001,1518.12135
2664.092,1001,1523.865673
-935.89545,568,1527.482958
-7672.1274,1001,1540.752656
-5007.849,550,1545.050032
4709.346,1001,1545.419277
-3265.913,1001,1550.653481
-4443.208,1001,1553.874915
-4407.8647,1001,1556.375908
5102.5874,1001,1565.003669
-1093.3308,1001,1568.681733
-1458.7058,167,1570.253066
945.7901,1001,1572.295063
-1963.8527,223,1576.188982
1481.7992,1001,1577.077854
-2920.9224,1001,1577.44786
-66.98507,361,1582.629104
-10026.4375,1001,1583.169089
4184.902,1001,1586.852135
-1450.0095,1001,1589.246674
-4262.369,458,1591.807141
-2551.4534,330,1594.11682
-1491.9954,832,1601.051599
-7147.914,782,1604.074358
-4275.302,711,1617.473299
-10783.97,1001,1621.041592
-6150.332,735,1621.545765
-3241.5144,393,1626.241219
4034.8396,1001,1631.974118
-4378.282,991,1634.158316
-8407.212,1001,1636.24703
3192.4163,1001,1642.215422
-3088.2651,1001,1648.25458
-1637.6437,1001,1652.125274
-4160.5747,1001,1652.594909
2057.6665,521,1652.846485
4897.651,1001,1657.949065
2757.9612,426,1662.408942
847.6499,1001,1663.874596
-7898.6763,1001,1665.948893
-3286.1338,506,1669.199968
-3583.362,350,1669.784033
3011.573,897,1671.988605
-2926.9797,331,1675.184484
-2916.547,593,1691.739459
-3916.6943,1001,1694.985671
-3760.103,1001,1695.334213
-918.8826,542,1696.698046
2833.537,657,1700.799093
-1187.2455,390,1707.821641
-7294.868,1001,1708.671615
-995.9724,753,1709.316061
-5927.3306,1001,1714.125007
2173.7102,762,1716.443027
-4502.4116,738,1719.281731
-4592.3765,564,1725.934512
-3568.2769,397,1726.672935
3316.347,1001,1728.758434
-1811.7184,1001,1733.081635
-2967.3066,300,1738.812474
-3914.7727,1001,1741.448663
-3539.332,1001,1742.05323
-4542.6587,1001,1748.997694
-3444.6948,1001,1751.839212
-2694.1743,661,1754.538101
1890.3552,519,1768.125453
3641.949,1001,1768.543956
-2028.0177,1001,1769.321421
308.94244,920,1778.524962
2387.0315,1001,1783.279555
-2352.5503,839,1785.902617
4052.4092,943,1791.844884
2259.7954,1001,1796.457268
-1905.1573,1001,1800.02901
337.1377,1001,1800.519631
4879.9194,1001,1801.370641
-2907.0327,734,1809.07477
129.97238,296,1809.808656
3808.6792,1001,1810.572357
-1827.5916,1001,1815.30677
-1655.9999,1001,1823.872775
-1321.185,335,1826.030015
-125.30462,1001,1828.610961
2119.8223,971,1841.866596
3030.8518,1001,1842.370579
-2954.2852,332,1844.27831
277.92615,1001,1851.3786
-4637.8335,1001,1852.079764
-5766.137,1001,1852.824095
-3690.8613,450,1857.545281
-104.68909,162,1858.264801
-18.30543,184,1858.574978
-3143.9626,384,1864.254557
-3507.082,1001,1868.417247
-1612.0331,358,1869.049206
2078.7148,1001,1871.105841
5113.5537,1001,1874.901953
-1350.715,221,1876.363611
-1151.9493,1001,1877.483539
-2075.3323,224,1882.185583
-7977.2046,1001,1890.359966
-2723.2603,1001,1890.766756
2887.013,460,1891.406156
2588.5942,1001,1896.429479
-2845.4614,1001,1900.488082
-5389.442,622,1901.903231
-3996.6763,397,1902.851691
-4064.1067,1001,1903.393744
-8789.262,938,1907.248758
-4031.0,569,1919.070555
-2384.5361,438,1924.415892
-1856.6096,761,1930.130252
-977.5557,1001,1932.154616
3463.3271,720,1935.655278
-3222.403,490,1939.929173
913.1408,1001,1943.479527
-3927.7634,1001,1944.864167
-1444.1182,1001,1948.68521
4875.8066,1001,1950.561585
-498.9288,253,1951.452076
-1519.7993,229,1951.969978
-2425.7795,308,1961.873787
-2614.003,1001,1962.694267
686.1193,1001,1964.743945
3975.0557,1001,1967.945051
-1622.8259,1001,1972.504738
-2257.608,360,1973.737656
-2025.6362,345,1975.768544
-8692.859,864,1979.108458
4231.6333,1001,1981.743012
-3870.681,1001,1995.223825
1586.5383,616,2003.883022
615.1908,1001,2005.433918
-692.7991,1001,2010.581421
-4638.247,875,2011.127739
-2627.6973,333,2014.535572
-4512.818,1001,2018.205902
-1744.2346,1001,2021.641546
3732.4272,1001,2024.098867
-4057.9463,459,2025.895057
-3542.0842,1001,2027.514836
-1581.1207,534,2028.164726
-5780.204,1001,2037.330082
-4157.94,862,2045.266375
-1787.0178,1001,2046.341313
-1889.1396,324,2047.493194
-3376.2964,1001,2052.981043
4763.315,1001,2055.463571
-9016.969,1001,2057.243265
-1072.592,1001,2058.658174
-5412.596,1001,2069.511548
-848.1169,130,2073.275162
-3697.246,1001,2086.666982
-2923.5413,1001,2087.701013
2505.5603,1001,2088.901139
4848.3013,1001,2094.513795
-2527.9114,278,2095.85689
3778.6294,1001,2097.523564
-5386.743,1001,2099.329747
-10293.604,1001,2101.151407
-1367.06,208,2102.717325
661.73785,1001,2104.870916
-3270.899,351,2113.450182
-5745.1177,618,2114.281662
4189.611,1001,2119.876143
1252.5908,1001,2121.057446
-1694.1227,235,2122.209019
-5749.2686,639,2125.283844
3383.6414,1001,2129.550593
-1315.7809,1001,2131.422096
-3112.9026,1001,2133.390189
-2945.3132,406,2148.172822
-4111.678,443,2155.611855
-3609.285,1001,2156.34682
-489.0487,1001,2163.008232
-4570.6895,1001,2164.355225
1414.0126,1001,2165.627309
1189.3867,786,2169.94157
-383.45737,185,2170.855504
-7095.691,718,2173.330973
-143.05032,1001,2173.746087
-4046.2854,495,2174.284171
1075.2731,541,2187.799344
4250.7725,1001,2189.638945
1963.4749,495,2190.038744
1946.8253,1001,2196.40562
3665.2375,1001,2198.83295
1179.541,851,2201.435463
166.3392,1001,2204.054291
825.15674,1001,2206.363907
2858.8296,512,2227.89868
1540.4496,995,2230.560428
4799.005,1001,2232.550607
-5555.6973,1001,2232.990307
2459.428,1001,2239.145404
2190.4436,1001,2241.32483
-6468.592,855,2243.545189
-3282.9517,441,2244.600984
1873.592,1001,2246.076719
-4467.7095,541,2249.664286
-419.0147,605,2251.879076
-2012.1083,273,2257.977997
-1032.7794,1001,2259.858109
3764.7212,641,2263.669032
-3491.7559,456,2266.195761
4568.246,1001,2270.384775
-862.3976,1001,2272.70453
31.347208,1001,2276.224397
-1949.792,1001,2277.970911
1014.0434,1001,2299.233578
-5110.8784,1001,2300.841105
-1019.1901,153,2304.036144
-4083.1858,1001,2304.931392
4721.6685,1001,2307.587622
-5733.466,1001,2312.267908
-2494.5854,263,2313.057512
-895.1242,813,2313.5992
1387.6908,1001,2314.85346
4026.9836,1001,2318.190724
-2423.2454,500,2328.995494
-2252.0886,1001,2333.335834
-6135.9204,1001,2337.461098
-7796.7954,809,2339.404655
-1545.6532,1001,2340.217779
-5619.905,725,2341.547012
1076.3745,409,2342.84197
1282.1938,1001,2345.116502
1467.2921,1001,2347.146594
-2488.8237,287,2347.513303
-1980.1213,633,2374.240271
-8624.763,992,2374.877537
-1488.3081,1001,2380.461154
-5148.2285,1001,2381.27465
-9919.105,955,2382.176707
3744.224,1001,2382.772189
338.7885,166,2386.771743
-8740.879,1001,2388.267342
-3180.2307,1001,2388.568774
-7535.1094,762,2399.391254
-869.4391,1001,2406.324279
3946.746,1001,2412.958186
-8869.951,1001,2414.554491
4304.57,1001,2415.104243
2942.8823,1001,2419.680387
-1555.3777,1001,2421.091882
-7831.915,1001,2421.414354
2907.1936,572,2425.974504
-2600.8396,308,2425.974504
-4036.5786,440,2428.579691
4075.1729,1001,2432.689765
-206.9221,623,2451.560834
-4134.23,572,2454.193807
-4908.898,1001,2457.72337
-4906.415,635,2458.878306
2987.6033,798,2461.726136
899.54504,1001,2462.660753
1147.6024,1001,2464.331706
-1283.6809,1001,2474.813267
1943.4181,1001,2483.849384
333.13577,1001,2486.660314
-5493.267,765,2488.533065
5497.452,942,2489.391812
1457.7528,1001,2490.481873
-5218.5205,590,2494.378936
3636.6738,1001,2494.68508
-8102.8794,1001,2495.811121
-5982.181,605,2507.510242
-3224.4263,386,2507.952078
-6472.424,640,2511.404267
-6886.201,1001,2528.110514
-1110.4846,1001,2532.604069
3264.2927,1001,2534.357078
1369.3215,906,2535.274017
3207.1372,1001,2539.340619
-2256.38,290,2543.883646
-3863.609,820,2548.472587
-5280.6143,1001,2550.619349
693.6604,1001,2551.184477
-1967.8846,240,2558.487937
4015.4937,732,2558.953641
-5220.558,614,2559.38266
4660.764,1001,2561.241745
-1091.4283,1001,2565.648736
-5564.9316,583,2567.811267
-4342.115,1001,2576.448153
-1412.0034,1001,2582.702485
3247.8262,578,2583.875341
-2129.9246,248,2584.340661
-2701.5088,1001,2590.815753
3831.427,1001,2591.201169
-7356.725,1001,2591.535298
-1292.4033,1001,2593.451624
-2795.1306,336,2594.405557
-2304.4385,235,2609.547851
1058.8214,1001,2610.531017
-2406.43,290,2611.697408
-2769.3096,1001,2626.255081
-5115.352,1001,2626.665164
594.59607,531,2628.009951
-6016.558,712,2631.962432
-1487.7145,1001,2633.606463
3293.9175,1001,2635.731321
-6763.2207,1001,2636.710399
-2073.3823,204,2640.180456
4794.6855,1001,2642.374292
-2592.6655,315,2646.185515
-2040.0857,289,2651.735161
-4206.5415,476,2652.191823
-778.80054,1001,2659.223331
-3089.1519,1001,2659.624754
2156.4595,1001,2661.226065
-4116.241,1001,2665.126414
-4707.7354,1001,2682.77014
-4462.3013,1001,2688.148524
-1122.4111,1001,2693.787866
-3113.3499,1001,2694.177484
-1910.1066,220,2695.434403
-4911.2397,1001,2701.543169
1348.6533,1001,2701.956788
3350.1418,1001,2703.274921
-4676.8145,1001,2707.219527
-572.5937,283,2711.307191
-2754.0835,1001,2715.446293
3521.9124,436,2716.012299
-3045.6594,792,2721.45978
651.0936,1001,2726.399446
-7821.667,1001,2726.821131
-3160.7378,343,2732.209792
-4387.716,1001,2735.329813
4576.073,1001,2739.200863
-3924.839,1001,2743.129669
-2952.5706,437,2746.174579
-6916.4277,1001,2757.479073
-3264.0586,1001,2758.137884
-8128.6973,1001,2768.325616
930.5633,1001,2768.734826
-3968.1475,1001,2777.107503
1154.6287,1001,2781.082593
-3000.9888,427,2782.408783
-2370.8303,884,2784.43112
1632.3945,1001,2785.242691
2995.574,1001,2789.299226
2414.318,1001,2789.987773
-4719.835,1001,2800.260798
-5004.541,577,2802.653259
-6357.0127,1001,2808.992251
-2586.125,284,2811.744302
-746.5486,1001,2813.123268
-4811.0493,1001,2814.490125
648.36804,1001,2817.335117
-3307.2466,1001,2821.27326
-4215.1816,1001,2821.988804
-4601.8716,499,2835.552447
213.61333,1001,2842.390652
-6810.2285,794,2848.00048
4370.3936,1001,2853.153577
3905.8755,1001,2855.707114
-5185.3667,1001,2858.500592
-1848.2054,354,2859.48438
4199.8867,1001,2862.972126
5287.471,1001,2863.600775
-1392.5122,1001,2867.207688
-5638.1733,785,2867.707346
-2850.804,335,2870.115712
-2673.8296,277,2872.306611
163.95193,274,2872.893265
-7624.483,1001,2885.870158
1830.74,1001,2888.584301
617.5877,1001,2892.297684
-2526.231,1001,2909.143797
4660.8184,1001,2909.600983
1185.2974,1001,2911.69794
1226.3448,1001,2914.073579
-412.36627,1001,2914.766541
1197.7166,620,2918.650532
3094.0793,659,2923.333498
3852.099,1001,2928.305834
3245.9785,1001,2941.166535
4921.7754,1001,2941.70053
-6091.251,1001,2943.933151
1866.5153,1001,2946.096391
-2175.6953,1001,2946.640819
-2107.4346,1001,2950.266604
557.0082,315,2951.796694
-3099.5881,1001,2955.457257
2344.4934,1001,2960.297138
-3254.0652,448,2960.897415
-1393.6954,218,2967.392249
2828.3618,1001,2973.42645
-716.51733,1001,2985.908653
3303.5415,1001,2988.60288
-1259.567,1001,2992.347563
-3333.6116,1001,2994.056155
-3121.901,366,2995.32792
-4040.9854,1001,2997.334718
-1924.5818,211,2999.316781
4526.1475,1001,3002.650497
3552.6477,1001,3010.374296
-5550.265,1001,3018.731408
-3035.3892,320,3020.697109
-5973.8,1001,3021.714802
-3676.1082,1001,3026.937476
-1704.8903,1001,3028.202329
-4660.309,1001,3030.184435
-1375.8622,1001,3032.110475
2610.1243,1001,3035.212003
2396.5725,643,3039.714466
-828.63995,242,3042.963202
4674.8457,1001,3062.584148
-2994.9846,1001,3063.611012
-7276.327,742,3064.04531
-3690.4067,462,3067.852926
-2545.6978,1001,3069.388366
-5201.54,1001,3070.628044
-2205.7146,270,3072.824232
-5035.6343,1001,3074.887452
-1899.7292,243,3076.183092
-198.10799,1001,3082.605527
-1511.8025,1001,3095.711128
-11508.334,1001,3096.798529
-2327.4202,1001,3101.769351
-6497.024,1001,3103.21442
-3257.394,1001,3105.304098
-3492.4297,1001,3107.462523
-5525.775,1001,3109.028157
-4058.1619,1001,3115.498614
-3692.1335,494,3119.560993
-3574.9404,466,3122.654404
-4126.4663,1001,3138.924231
-32.725967,1001,3140.240701
-10800.836,985,3144.783386
2430.5923,1001,3148.65148
3982.4153,1001,3151.9344
-2412.6213,1001,3158.25319
-4255.7573,654,3160.333769
3567.6523,1001,3162.928598
-750.9665,1001,3166.073505
-1249.4974,343,3169.566754
-2717.127,354,3172.04211
-631.72485,1001,3173.068546
4233.3887,739,3173.402158
-3636.833,1001,3177.905163
2580.241,338,3183.130968
-1650.8202,1001,3184.779788
-5868.007,792,3188.468294
-6074.1606,673,3191.477267
-2407.208,1001,3197.590488
-3046.5132,606,3201.816666
-10217.797,1001,3214.459314
5341.013,1001,3214.797131
1455.44,1001,3219.517437
-3024.5657,1001,3226.544077
1991.523,1001,3230.572238
-1609.1206,1001,3233.712966
3811.306,1001,3240.39676
4660.1675,1001,3244.495273
3629.9238,1001,3247.211151
510.7732,1001,3247.513021
-5139.1987,595,3249.975575
638.36896,1001,3252.244389
-2698.685,357,3258.791045
-7919.3447,1001,3259.176446
1132.3514,1001,3265.878449
-10844.182,1001,3272.409648
-4631.5186,1001,3276.683872
-4249.511,1001,3279.743665
-1742.9169,1001,3292.785347
-2015.8771,1001,3295.309045
-7095.9614,1001,3302.112869
-4060.8806,1001,3302.464248
-4507.118,471,3303.389977
2788.8757,489,3306.430047
3975.3235,1001,3309.058529
1407.0972,270,3311.867666
2537.1956,914,3313.438215
-3143.613,329,3316.950838
-1824.5138,206,3319.883985
-1504.4191,1001,3325.295089
-1116.799,1001,3327.278557
-4216.907,553,3329.509185
-11031.289,975,3333.322315
2394.0696,1001,3334.133788
4007.6182,1001,3340.901466
226.63414,322,3343.693716
-393.6614,1001,3348.55048
2027.6843,1001,3351.315752
-5735.59,1001,3366.621966
4318.4375,1001,3368.663339
5039.2554,1001,3370.969743
-2621.46,1001,3375.558896
-2545.3154,284,3380.173475
3017.602,1001,3383.06879
2597.0886,1001,3385.8464
5001.299,1001,3390.935248
1281.1362,317,3393.194363
1507.8096,1001,3394.08382
679.074,251,3394.342176
3258.6416,694,3398.849638
-1483.4344,1001,3399.81366
-3493.4714,1001,3401.811756
-2735.813,287,3403.570804
2368.704,387,3404.136524
-439.7585,1001,3412.600962
-1144.9563,243,3420.268089
-11417.897,1001,3425.226951
-2906.5876,1001,3426.03134
-5183.0454,971,3429.650927
-3962.6406,1001,3431.485578
4158.443,1001,3443.453022
2291.2776,1001,3444.870685
-5858.3525,1001,3445.333963
-4271.7627,545,3448.091552
-3417.526,442,3449.732666
3225.9668,619,3461.749004
-2578.322,1001,3467.937492
4374.6753,786,3468.831395
-4792.717,609,3469.25213
-5934.8374,1001,3471.998205
1572.7953,934,3475.481893
-2488.6965,1001,3477.970948
2095.407,347,3479.726763
2588.6714,571,3480.214204
1274.7975,1001,3480.759181
-263.16922,319,3490.439813
3369.9407,1001,3501.054773
-4681.7183,807,3501.437846
-5291.2856,1001,3501.773401
-5015.9937,1001,3504.709905
2145.3792,1001,3520.754311
-427.08395,1001,3522.376062
-2880.2756,342,3522.998738
-5971.6978,1001,3523.559911
269.26413,520,3529.44029
-6224.3267,1001,3533.712411
-2484.1758,356,3535.403373
-832.416,292,3544.479386
-9113.475,1001,3544.797446
-4883.926,525,3546.305819
-4900.9546,1001,3547.716159
-5577.8955,1001,3553.713046
-4591.7773,1001,3555.297829
-5126.9287,1001,3555.969177
-2035.6735,1001,3565.897115
-5863.433,625,3575.973456
-4676.861,1001,3577.168814
-8798.088,1001,3577.478248
-258.84317,1001,3579.049785
-3801.5764,1001,3580.652292
-6521.8267,1001,3596.274843
-3860.366,1001,3598.109007
1257.3895,491,3603.30232
-549.6113,1001,3608.826362
160.23773,1001,3618.534372
-7783.4717,1001,3620.053607
-96.44211,1001,3621.657747
4510.75,1001,3623.21422
-5296.188,572,3627.499111
2882.2542,1001,3629.245376
-2080.91,1001,3630.954534
-2822.4365,1001,3636.280706
-2641.825,292,3637.286919
-4860.4385,666,3641.981228
3246.591,558,3647.358141
2831.9268,1001,3651.446475
-3703.6062,455,3651.838001
918.95447,991,3653.870299
-1691.3574,1001,3655.569615
-3500.2354,454,3661.320419
550.32367,1001,3672.828948
-3654.1155,386,3673.926583
588.8994,1001,3677.969495
1291.1744,1001,3683.72007
-3598.8535,366,3689.206621
2261.9875,1001,3692.904041
-1236.1816,1001,3695.484896
-2767.205,1001,3697.288193
3727.2412,1001,3703.429054
-4328.749,1001,3704.776881
1885.1493,665,3705.230522
-1950.98,1001,3706.197793
-10135.794,1001,3722.121394
-1806.4576,515,3722.878756
-3720.6213,1001,3726.056289
-1861.3403,889,3726.78736
4411.4917,1001,3728.812581
-1832.3071,1001,3736.942301
-4236.6387,1001,3738.27994
-4044.5276,1001,3738.64135
-839.9774,693,3756.321248
-4394.489,1001,3765.945069
4914.436,1001,3769.272368
-9544.087,1001,3769.880801
-2403.8914,1001,3771.966561
-3249.2556,798,3773.473375
-1769.8834,1001,3781.314495
-4683.2188,1001,3781.785583
-219.55739,559,3788.52756
-8583.079,1001,3789.651039
-3530.9624,1001,3799.019808
-1977.5779,1001,3802.688405
2658.827,1001,3805.272048
-4354.732,1001,3806.639424
-2495.5413,265,3807.961846
2111.0994,1001,3814.555696
1846.4921,1001,3814.991691
1640.9331,429,3829.60885
2015.1196,1001,3831.552494
3930.4841,1001,3832.306141
-3234.9885,1001,3842.933797
3186.5537,1001,3846.772629
4435.66,1001,3848.100358
4515.6963,1001,3853.54189
1531.4722,365,3853.952459
-3351.733,1001,3854.417682
-5691.613,1001,3858.068781
-3737.5295,433,3859.320449
-1571.1333,204,3860.016105
-334.09882,1001,3860.354542
-2899.666,429,3860.838534
2838.989,1001,3861.623828
-3489.0286,428,3866.748917
-2757.2935,310,3870.039383
-5545.3804,709,3874.584981
-4446.5815,529,3882.439018
-4020.4521,1001,3898.283582
2329.6228,1001,3899.583488
-1051.1558,1001,3900.4211
-4610.86,1001,3900.783861
4304.9595,1001,3901.32374
-3503.9653,702,3902.55127
1774.3319,242,3908.072784
-6304.6187,695,3914.809056
-770.5746,1001,3916.802252
-3068.2507,393,3920.501461
-6105.53,667,3922.556014
4499.9736,1001,3931.319088
3964.0828,1001,3933.896034
2833.2822,1001,3934.366323
3502.3271,1001,3935.529465
-3229.0251,395,3936.353559
-2564.5276,486,3937.7196
-1882.2977,193,3938.608754
-360.63666,284,3943.843789
-1145.3002,224,3946.183178
-348.71304,300,3946.804925
-3199.5698,387,3948.952395
-5679.6587,1001,3949.502792
-2366.4583,1001,3951.580869
-2060.913,278,3953.739014
-4975.693,544,3976.68831
-4272.2593,490,3977.057107
9.172523,1001,3977.895824
4849.0713,1001,3980.714625
-1030.0654,318,3987.557802
2440.733,1001,3988.357302
4668.907,1001,3988.754951
5018.816,1001,3990.95363
-8595.321,1001,3995.321914
5010.5435,697,3999.000775
4797.1694,1001,4009.290725
3526.9473,1001,4012.72559
3510.2175,826,4015.606425
-4762.902,618,4019.09328
4807.146,1001,4020.13293
-7707.36,1001,4021.079645
776.2786,1001,4023.724694
-5469.6797,1001,4028.358423
-2946.3918,349,4032.433014
1553.4825,466,4035.526014
-4538.8086,591,4038.763343
3920.2305,1001,4041.944522
-5201.151,1001,4055.585561
-5907.754,953,4057.066022
-4564.021,520,4066.5825
972.09753,1001,4067.442434
-1742.7733,471,4068.689698
1036.7631,373,4070.346907
-20.472332,1001,4072.228882
1227.5664,503,4073.544856
2483.5762,1001,4076.909106
3409.6108,1001,4080.139016
-1595.6859,797,4093.412958
-3619.9995,787,4094.311177
-2039.529,1001,4099.144913
-2083.775,234,4100.946249
-1079.3512,1001,4102.749231
-5644.091,1001,4104.649838
-8119.715,1001,4106.015156
4548.616,1001,4109.234778
2473.2185,1001,4112.373919
-1582.6494,195,4112.674453
-2940.804,353,4114.798745
-2441.7883,607,4119.546067
-904.98724,224,4136.032339
-9801.191,1001,4136.550282
4450.7495,633,4141.989151
3585.883,1001,4143.020924
1166.2434,247,4144.167517
2708.9854,1001,4147.033636
3124.4539,1001,4151.328662
-10963.932,1001,4154.425311
-631.79816,273,4155.937468
-10253.955,1001,4156.815007
5.6974883,267,4163.265871
-326.80185,276,4164.924298
1677.7401,311,4166.951297
-5084.302,518,4168.606596
-7125.4966,1001,4169.797003
-8811.661,1001,4175.117517
-2169.296,1001,4176.351602
-3851.082,1001,4177.269857
3590.9666,498,4179.979491
2570.8877,470,4182.676708
-1913.0624,311,4185.586375
-3020.571,329,4190.500558
3554.4675,446,4196.701138
2403.063,1001,4207.955074
3727.617,1001,4211.404896
-60.116493,1001,4212.618966
-3115.9678,451,4215.858476
-2203.399,1001,4219.676256
4254.17,1001,4220.665533
-2929.8242,451,4222.512625
-2221.7568,275,4224.982624
4231.9717,1001,4228.617937
-335.91647,402,4235.174334
-879.47736,828,4238.362934
5432.917,934,4238.695513
-4355.81,1001,4245.301306
4260.0176,1001,4251.370142
3867.1384,1001,4252.304957
4427.585,1001,4255.848268
-922.8434,1001,4259.274969
3630.1562,1001,4265.24105
-1748.1593,1001,4267.966894
4090.6653,1001,4268.299095
-2776.036,630,4270.490304
2428.3677,1001,4285.469722
2572.79,398,4291.402138
3361.3662,1001,4292.160798
-3927.6313,1001,4297.842616
-224.5307,275,4301.453213
5297.7397,1001,4302.312824
-2006.935,291,4307.99532
3634.2397,1001,4309.524786
4569.031,1001,4313.01174
-1219.109,1001,4315.30689
-5293.065,1001,4319.87975
-1433.3804,191,4321.662662
-4678.9478,589,4321.984321
574.8989,370,4325.48003
-11302.54,1001,4326.844926
-2876.1023,365,4331.063642
4646.955,1001,4334.537356
-4172.8706,442,4335.014955
-2865.7378,445,4339.3018
-4603.3843,1001,4339.81681
-219.22833,1001,4341.153996
-2364.0645,358,4342.374971
-562.38824,333,4345.565789
-1294.9653,156,4346.57795
-454.19022,1001,4362.353062
4569.7666,1001,4366.182141
-1937.2115,261,4373.057704
1811.036,400,4374.021975
-3058.9321,1001,4375.416478
2022.1859,1001,4379.321393
4750.6226,1001,4379.728238
-7417.9893,1001,4381.725381
-2278.858,303,4382.953768
-7658.33,1001,4385.049172
2706.6216,1001,4386.108343
0.28758788,425,4393.057701
3366.7144,536,4396.664871
3792.9631,1001,4402.989262
-1435.1726,1001,4405.078127
-5799.3784,842,4406.900464
383.1192,517,4408.042244
-8612.589,1001,4413.066608
3107.171,1001,4415.256472
-2425.573,1001,4416.430248
-2352.8147,308,4418.244605
-1278.1823,190,4419.755434
1560.1075,337,4436.86676
3419.2566,1001,4437.270671
1897.89,565,4442.731894
-1729.9989,1001,4444.213111
1471.3883,1001,4446.331826
2959.5537,1001,4448.45786
-3045.6072,347,4454.004474
-997.8575,145,4458.837391
835.6961,1001,4459.655633
4969.056,1001,4461.205899
1507.0104,415,4462.429439
-4328.1543,1001,4468.709148
3678.1375,1001,4469.126365
-3237.2068,356,4471.486886
-3413.2607,374,4474.316264
-1989.6729,1001,4476.474196
-486.51706,1001,4478.633569
180.61897,553,4479.041963
2717.3738,448,4483.667125
-6302.748,1001,4490.860515
-94.39894,1001,4512.17054
3324.9106,795,4513.503793
-4420.2236,1001,4514.840501
3979.8955,1001,4517.975418
-8797.123,934,4520.566539
-2901.993,1001,4522.881413
-2018.033,372,4526.002168
-3353.7632,1001,4527.532691
-1759.3735,310,4528.215037
3155.48,658,4533.875175
-1038.4022,1001,4535.129787
-4962.812,490,4538.512559
-1270.9412,390,4540.682362
-3299.426,549,4543.863057
-137.05258,1001,4547.580653
-3600.8943,1001,4553.014051
-1860.9418,230,4554.949378
1904.1508,618,4558.654894
-3020.5403,1001,4560.094264
-2119.2996,1001,4566.766823
2580.805,1001,4568.197233
1178.0039,340,4571.560143
-4943.4185,1001,4573.904731
3167.5037,570,4574.297549
-3647.3962,1001,4586.766194
1034.5238,1001,4595.809553
-4993.76,668,4599.496876
-1857.8275,1001,4601.535011
4028.7454,721,4604.863584
1451.7069,606,4606.640234
245.82266,207,4608.820157
3493.6506,1001,4610.069277
1852.4545,254,4613.79618
-1015.7681,206,4615.916075
3055.5977,1001,4617.064489
-4933.8813,1001,4617.4313
-1759.551,678,4619.312531
-3453.3066,673,4629.196457
4032.0498,1001,4632.776837
1657.1707,675,4638.904723
4633.2744,1001,4642.765721
1020.4447,391,4645.831608
4607.925,1001,4646.603491
3664.4126,1001,4648.6718
-5491.9644,1001,4649.858661
4511.887,1001,4651.973028
-2968.252,296,4665.299975
1167.2336,554,4667.148893
-1127.9954,260,4667.983681
1497.7598,1001,4671.797642
-1551.7947,217,4678.996353
2700.4348,1001,4685.771027
-2311.52,274,4687.794018
2728.183,616,4688.375946
3180.5479,1001,4689.502031
-139.43762,1001,4691.53929
894.6238,1001,4694.778753
-6387.1543,1001,4698.759299
1983.7574,1001,4700.630022
554.84766,435,4704.293133
-1768.541,469,4707.472177
-2195.8538,326,4709.928446
-6033.9893,1001,4718.531091
1519.9696,1001,4720.966294
4701.888,1001,4721.627138
4800.4575,710,4726.905766
4783.804,1001,4727.392251
-4369.04,1001,4742.711646
29.257326,379,4748.843754
-1851.1176,1001,4749.221552
323.27304,1001,4751.66714
2820.6626,898,4757.310605
-906.0665,1001,4762.994868
4867.872,1001,4763.617023
-2634.27,413,4765.138825
2696.1084,1001,4769.870813
2142.4438,710,4772.477975
2924.475,482,4773.575843
984.9818,1001,4775.791883
-2313.541,325,4781.525985
3571.178,1001,4783.097523
1542.6682,383,4786.464423
-2763.3079,369,4789.195932
2567.5173,291,4791.383358
8.360991,310,4793.566576
4456.3555,1001,4797.774284
1668.0304,1001,4798.438065
1798.5402,1001,4800.157203
4535.6235,1001,4808.041695
4.8161063,1001,4829.659383
806.6916,1001,4832.408831
2346.3875,752,4832.843856
1161.6111,1001,4835.451697
-4872.7163,1001,4837.519005
-11793.982,1001,4842.32571
-2634.7178,348,4842.32571
4248.503,1001,4843.933233
-361.32916,339,4844.774005
-1842.194,1001,4852.514519
191.42087,494,4854.480034
1080.3466,515,4859.362983
-2857.8394,889,4864.489193
-9213.429,1001,4866.278754
2893.1013,1001,4874.406566
-3618.9407,497,4875.02286
4783.7954,1001,4876.200478
4641.709,1001,4877.045174
2205.0496,506,4881.171355
-9764.808,1001,4884.634135
-1401.9463,1001,4896.576117
3663.814,1001,4908.292155
-4584.887,750,4910.950624
4907.199,906,4913.921227
-6622.1836,1001,4917.356206
-10262.843,1001,4918.664529
-134.25217,1001,4923.954828
3132.093,1001,4927.533127
4562.3394,1001,4929.37008
-3005.1294,361,4930.781463
-2624.6646,472,4933.420584
1391.5046,337,4938.303069
493.5785,1001,4941.726322
-9800.124,1001,4944.156924
-434.233,1001,4946.995223
-1388.631,196,4953.055711
-2931.3176,471,4953.379158
2364.33,1001,4956.21399
150.46693,533,4958.531945
2714.656,1001,4961.201998
3745.6172,1001,4972.9536
4557.262,1001,4975.559232
987.9449,1001,4985.731146
-3570.1545,473,4989.99685
-4744.2515,1001,4994.563663
-259.47964,1001,4994.829576
1101.0312,1001,4997.832457
1387.4742,1001,5000.307012
-2349.4583,253,5003.188683
-1222.8372,1001,5003.508314
3191.0637,1001,5005.207378
-4875.2715,616,5006.22475
-3348.5884,378,5007.971054
-875.10284,183,5012.103549
-1668.239,267,5012.515627
-3244.4019,392,5021.16126
3722.2188,1001,5024.184388
2119.6406,558,5024.595298
4679.827,1001,5032.385762
2078.0898,1001,5035.072484
2850.4915,1001,5038.368489
-540.0255,403,5038.883579
-2461.9734,497,5039.279446
-2599.669,269,5053.287798
-5203.604,645,5058.289965
4990.843,1001,5058.962958
-2303.9167,1001,5059.369817
2346.129,1001,5079.166065
-4060.706,1001,5081.94995
-6149.9014,1001,5082.437231
-84.277435,1001,5082.81316
-1853.8921,1001,5085.426367
532.0943,1001,5089.411198
3658.7363,1001,5090.032453
137.845,1001,5090.491703
3155.0017,469,5097.029904
-4294.7397,528,5099.38539
-10650.8545,1001,5111.097016
-5714.4453,1001,5114.221558
-6038.2905,1001,5117.439343
-712.43384,692,5131.791062
3022.7527,1001,5132.380949
1092.3594,778,5132.380949
-122.33778,1001,5133.093124
3987.9512,1001,5133.555264
2438.6472,330,5135.917597
-723.2811,230,5140.139613
-2133.9658,391,5145.447891
-3116.9927,467,5147.379417
1078.9524,790,5147.767326
-1891.2753,467,5151.266562
-3580.7898,424,5154.264249
4334.5757,1001,5160.814946
-3224.913,460,5161.116047
-2391.392,238,5162.17398
-1918.463,1001,5165.971143
-151.86281,1001,5166.84425
-5305.791,626,5172.072146
-2380.6614,349,5173.112024
-310.41177,1001,5180.829975
3020.195,1001,5181.162919
-117.47803,527,5184.184864
-5094.575,726,5186.529609
-2430.2544,352,5192.265654
-552.8094,1001,5194.220571
4191.0107,1001,5208.336458
3938.8083,493,5209.778295
-1201.9348,1001,5214.060005
-336.68713,1001,5214.927171
1845.7402,764,5215.574515
-2470.5798,398,5216.783864
-1960.2736,1001,5227.818394
-865.7154,1001,5234.284513
-3187.9692,908,5237.259367
3433.787,1001,5241.549361
-1151.7466,322,5244.658867
2031.1304,1001,5246.809735
2988.0469,1001,5247.652091
775.69116,1001,5248.148735
-7913.5996,1001,5249.590281
-2896.0496,352,5254.448259
-844.79224,547,5256.494731
-3137.7598,369,5260.722307
-490.7758,1001,5261.523576
-3365.7083,624,5267.788644
-4295.6304,446,5270.034903
-1194.7792,323,5270.650104
3603.7153,806,5271.494747
1415.169,370,5283.053944
-482.40326,1001,5289.340988
-1014.9245,1001,5291.750084
3178.8264,506,5294.367162
5067.147,1001,5296.254925
-3297.2563,456,5303.961304
-1798.835,890,5311.690224
2318.9978,1001,5312.669092
0.41515738,1001,5313.400958
-226.54198,1001,5314.204907
459.80716,268,5322.793034
-227.6404,306,5323.566563
4461.598,1001,5325.162369
-2257.7632,1001,5327.876941
-2628.2253,1001,5329.758267
-5068.3853,1001,5337.620902
625.7548,442,5342.44408
4817.8643,1001,5345.344146
1177.3895,695,5346.19477
-4959.327,1001,5346.567922
3148.3376,1001,5366.309551
-10896.163,1001,5367.821954
-1803.5222,1001,5371.946702
-2124.73,288,5376.516476
2412.1965,1001,5379.561916
3064.4172,774,5380.418616
3388.3909,1001,5384.254818
-2188.1882,252,5385.120339
-3921.1726,438,5386.176877
2717.8877,1001,5387.805402
2676.5059,1001,5388.660131
3136.9136,1001,5399.091823
-4070.7026,583,5399.521536
-1355.1449,427,5402.452896
1784.2267,515,5403.320741
1615.2013,764,5406.268823
-10688.963,1001,5416.681795
-2810.5425,351,5416.974229
-9992.845,1001,5417.632385
401.26492,1001,5420.078078
3462.0967,644,5424.177094
-2703.9634,277,5439.531175
-1651.8513,1001,5441.559469
6218.4453,1001,5441.962934
-3107.3843,333,5445.018314
-2844.6445,1001,5445.332751
-1026.6089,541,5458.440423
2439.573,1001,5461.14077
-3831.5981,1001,5461.517302
-1054.2239,1001,5462.227352
-6225.6816,693,5465.778304
4129.6196,1001,5474.977623
-3122.2605,922,5475.738086
856.1998,1001,5478.464239
-1758.6967,288,5484.239879
-6859.733,1001,5490.474699
2645.9724,1001,5493.333459
4944.127,1001,5493.671986
-2654.8772,1001,5494.38187
-379.16992,1001,5498.296349
-10100.915,1001,5519.46397
-3063.5073,350,5520.154693
-1580.4213,522,5521.811669
3653.9783,1001,5522.692256
-10592.785,1001,5528.907539
2536.4253,387,5532.486526
-3331.2231,337,5533.096506
3897.6934,1001,5535.029397
-2051.485,1001,5538.381593
-147.9322,1001,5539.07268
1195.166,370,5547.348391
1882.7334,349,5549.577707
-7202.0996,1001,5554.236448
-1500.8219,1001,5556.501183
-8447.414,778,5559.786309
4154.6226,630,5560.431525
1036.8494,120,5561.053694
1630.6658,1001,5563.271496
2718.9634,1001,5567.536963
469.52393,468,5571.333218
3732.121,1001,5583.968575
-658.44714,1001,5587.059078
4309.9707,873,5603.962953
-2231.576,650,5606.109797
-4459.834,1001,5607.515001
-5905.5825,1001,5608.197487
-11692.866,1001,5611.049106
1864.1028,183,5612.72753
-6803.419,1001,5615.064125
-5141.2964,712,5620.211423
-5724.6187,579,5624.557319
-6072.873,1001,5633.175032
152.49506,737,5637.434
5229.209,1001,5643.634288
-9378.668,1001,5644.329231
-9709.644,1001,5648.926016
-4827.399,1001,5651.21464
-10270.312,1001,5655.580106
1078.9431,1001,5659.587358
1954.5092,760,5659.856891
-1624.298,231,5667.55966
3939.2598,1001,5682.23766
-8616.182,924,5685.153959
-2815.7375,1001,5688.251422
1243.5204,1001,5693.411803
3360.4458,1001,5696.022708
257.12604,1001,5701.315691
-2966.4766,303,5705.270992
-10260.119,1001,5706.601109
2924.7278,406,5712.277603
-618.20416,1001,5715.884345
-69.95853,1001,5720.414258
-10636.017,1001,5723.302264
-344.24487,1001,5726.178447
-6037.198,771,5730.132607
-2414.3623,279,5738.582985
4370.6226,1001,5740.058011
-2025.7417,1001,5741.065688
4627.2935,1001,5745.618556
-5316.2275,688,5748.359981
5143.3623,1001,5748.782856
1464.4424,1001,5752.819068
2032.6793,1001,5766.014352
1962.7556,263,5771.493443
3308.079,518,5775.207571
-33.936646,623,5775.955744
-4520.502,838,5777.631282
1550.665,1001,5781.57867
1788.8153,1001,5784.036392
244.77934,607,5791.523579
-6429.0894,1001,5791.937028
-4389.1455,1001,5798.525067
3903.362,1001,5807.759267
3394.33,1001,5808.637109
986.7979,570,5809.675181
-5339.1377,1001,5810.224998
1536.3461,472,5813.673416
2206.1057,1001,5814.11591
-2406.0164,701,5814.395728
1523.8906,232,5816.670711
-2459.9868,1001,5817.054954
-2955.8467,340,5827.643753
-6447.278,694,5846.531677
-2833.0344,920,5849.435061
-1361.4535,1001,5850.524009
-7944.8984,1001,5852.856405
-122.32656,555,5855.802472
5516.151,1001,5856.946597
1011.7569,1001,5857.427679
4905.3125,1001,5859.862586
2647.2393,413,5864.115441
-2591.9724,332,5864.747787
-1770.5934,222,5871.870422
-1465.2264,465,5872.279415
2817.9775,472,5873.385586
2165.5457,454,5875.318231
-7718.2227,761,5877.10305
-422.63696,381,5877.776017
-1061.5112,678,5880.706165
-5388.358,1001,5881.581098
3368.4817,443,5891.916407
-2875.6772,509,5893.672068
4519.108,1001,5904.09952
3672.7827,1001,5904.542907
-18.66898,989,5905.367032
-7174.9404,806,5907.199489
3936.336,1001,5908.09344
2147.3083,538,5921.435338
2863.0576,1001,5923.417288
-639.93207,317,5928.085364
3004.6763,472,5933.810121
-246.76328,176,5934.07375
-3717.1052,1001,5935.696521
-2079.5864,296,5943.74549
-1687.089,910,5945.558323
3942.2664,665,5945.90968
-4644.9385,1001,5948.383318
-6994.3203,828,5949.492654
-1343.6254,1001,5949.828266
-6064.147,706,5957.303308
-381.3936,364,5957.702396
-202.85086,576,5964.740551
3095.7876,502,5965.085022
590.7225,1001,5968.915452
3780.442,1001,5976.890975
5328.829,1001,5982.069077
4071.4924,1001,5982.389744
-7626.2256,1001,6000.181602
-1788.4833,1001,6000.52403
5848.7334,764,6003.38956
-4093.6355,552,6004.959713
-3141.6936,1001,6007.575492
-8021.569,1001,6007.963582
-3885.3376,701,6014.991844
2503.687,669,6022.026343
970.72424,459,6022.583458
4675.032,1001,6024.950158
-2488.1675,241,6030.14968
-4589.6772,826,6032.066084
5092.05,1001,6033.567209
-5341.746,611,6035.865987
-6443.6123,1001,6037.852372
439.75687,1001,6042.292901
-2783.241,325,6047.958953
3011.4036,409,6049.19728
-1437.3938,1001,6057.580828
2176.8496,261,6057.882692
-3685.7434,489,6059.04993
5161.5513,1001,6060.529612
-1231.6873,158,6063.018718
663.6968,507,6065.005046
-1762.7441,1001,6076.228699
1991.3906,1001,6077.88917
-11594.658,1001,6081.723457
-2428.4448,520,6084.544669
1130.587,441,6087.133094
-846.8364,237,6093.999115
3727.969,1001,6100.124655
-1271.7363,547,6101.29752
-1873.923,1001,6102.013032
2827.0547,793,6102.524725
2167.534,1001,6106.816137
-574.21924,1001,6108.035475
-5038.1235,579,6113.220119
4216.467,1001,6113.689757
-3695.5034,412,6114.442197
-1464.6938,469,6117.73906
762.1642,412,6120.427678
1478.5137,248,6122.69558
-2481.8052,257,6128.925165
-6569.957,927,6132.105261
-2938.303,521,6135.075706
1574.0499,1001,6135.870507
-5784.8477,1001,6141.219015
5114.6743,946,6154.484717
3309.7925,1001,6156.897373
449.38727,564,6157.821496
868.54816,537,6163.240121
-312.60675,1001,6165.576289
232.52176,259,6166.212913
-642.20667,803,6171.563987
-81.079094,1001,6175.526147
1748.9608,455,6180.754861
-2807.7192,1001,6184.189379
2372.3772,1001,6187.406369
4427.128,1001,6189.637856
1892.0272,1001,6195.958257
965.7605,285,6196.740633
8.7323,807,6197.88779
2690.4924,1001,6199.11791
1237.4154,1001,6207.832226
-3517.642,378,6211.127226
2280.5022,1001,6213.179745
-4132.578,507,6213.500918
-1170.6654,785,6215.617377
5204.7036,1001,6217.094385
-4376.1655,522,6234.861185
-2555.0845,279,6235.531007
-2566.1362,400,6236.453188
-7286.9336,1001,6238.788732
-6702.7495,1001,6240.457173
-3088.7073,478,6240.991855
-377.83746,333,6251.37194
-2999.0095,346,6251.640663
4818.743,1001,6253.730637
-1448.926,472,6254.210965
3794.7812,1001,6256.001736
-1411.8878,668,6256.993793
-2545.5579,294,6261.121778
4918.5845,1001,6267.606649
-663.66547,227,6268.239069
-4394.4116,529,6268.750701
2518.4275,1001,6268.750701
-1194.4938,475,6269.268179
-515.5249,419,6269.637286
-149.99951,318,6279.103993
-3742.5708,469,6283.068581
5690.0034,1001,6285.613924
-1020.0966,1001,6288.085259
3570.8286,670,6289.4531
-2270.5024,247,6293.436521
-5212.2627,513,6305.727251
-1104.9498,1001,6309.973814
4813.57,1001,6310.600436
-7193.157,1001,6311.356205
-3940.364,534,6321.14157
-2377.852,861,6321.466617
2992.089,486,6321.789668
-2546.6794,329,6322.20902
4750.1694,1001,6330.516197
-40.248714,1001,6332.057257
237.58803,493,6336.996139
-2797.6177,529,6338.437009
-9680.836,901,6339.104381
-5166.0034,632,6341.682934
547.59393,1001,6342.942613
959.0649,522,6349.106893
-3191.697,407,6352.011178
3822.2256,1001,6353.883532
2218.8792,717,6354.154733
-4569.5215,516,6359.609896
3423.2935,676,6360.643166
1820.8048,1001,6369.79085
7359.7925,990,6383.620748
4304.525,1001,6391.371845
-1632.4652,1001,6394.469087
1289.6414,1001,6396.357237
642.3783,1001,6396.683403
2215.6987,1001,6402.173416
4995.8506,1001,6403.335325
1851.4852,1001,6412.272166
40.522026,1001,6415.937368
-3133.3867,655,6417.528134
-1538.1085,1001,6423.677629
4058.731,1001,6426.611738
-3820.3347,480,6427.359958
-9493.344,1001,6428.627258
2805.5303,863,6430.459335
-3279.9573,445,6431.774825
4258.4463,1001,6433.95342
-2131.646,428,6437.44001
-4192.725,458,6441.948267
-2246.8088,830,6442.598414
2820.4272,418,6460.755049
4492.068,668,6461.912053
-3327.0654,577,6462.48823
-2736.8757,345,6463.955735
1894.5573,1001,6469.337888
-3883.3953,1001,6471.286247
4844.965,1001,6474.645871
-4356.4272,468,6476.665734
-2923.3762,393,6482.079243
1491.0005,1001,6484.645354
-2942.7341,364,6486.236729
-1106.7773,716,6487.489239
-844.5843,535,6489.000981
-4153.9565,432,6490.91213
-4267.2446,1001,6494.836074
-5532.225,1001,6495.592034
-3482.0574,438,6501.352574
2776.5588,666,6505.957139
-6175.539,794,6507.490128
-4048.198,556,6508.366794
527.44604,897,6515.916404
4507.8467,761,6521.213211
936.6779,1001,6522.358839
3579.6448,1001,6538.107386
-9941.512,915,6541.372029
721.68665,837,6545.124544
1555.1562,546,6548.005744
1267.0216,1001,6549.314603
2961.6904,1001,6551.676538
-2692.3901,297,6557.329323
4709.0615,1001,6557.797365
-4024.2935,540,6562.405359
4740.544,1001,6563.579726
4320.3867,812,6567.459702
96.34195,1001,6569.899109
-1227.0695,630,6577.954184
-2854.7717,667,6578.84769
-844.1476,482,6579.188632
2972.0166,1001,6581.457772
1492.5226,1001,6583.711382
318.63107,439,6584.347752
4126.4077,1001,6594.603416
-3680.813,456,6597.835455
3173.6653,1001,6599.655063
-6015.927,767,6612.804421
2476.2048,1001,6620.700339
-189.50569,1001,6621.104856
-922.6737,1001,6623.293002
-10193.078,1001,6626.060104
1911.1174,263,6629.649285
-3431.3113,442,6635.263608
5036.905,1001,6636.842539
4896.87,1001,6639.917091
1686.4374,1001,6641.552409
-1199.8904,1001,6644.80702
-2652.433,645,6650.116639
4083.82,1001,6655.248666
-5638.6826,601,6656.201533
-5671.871,1001,6658.123472
-5448.669,625,6661.97283
1633.3965,1001,6667.648776
-2031.1947,290,6671.306505
5095.1777,1001,6672.57863
3476.104,1001,6687.890871
-1462.1565,913,6690.556934
3480.4343,414,6696.581982
5415.9805,1001,6698.789635
-2605.384,1001,6699.659096
5201.242,1001,6701.738019
-2553.929,303,6708.688479
1962.8167,1001,6710.52869
3188.516,1001,6714.347607
-3963.6973,598,6715.827679
-1085.4812,906,6717.370103
1855.3018,1001,6723.074838
2041.2091,1001,6731.219763
2576.0098,1001,6733.954816
-4898.922,643,6735.668799
-953.509,758,6735.99992
-1705.3319,437,6737.78198
-2150.919,750,6742.384385
-2183.6523,1001,6742.629617
1674.516,270,6743.617877
4901.1543,1001,6749.761446
2497.545,367,6750.401592
-5367.8667,565,6751.051822
2356.8257,668,6768.330861
2131.3843,310,6770.027582
4204.317,1001,6778.716257
1896.7334,600,6779.801285
-2332.4912,433,6781.812691
-3510.1816,402,6782.349887
1753.6646,1001,6785.007
1022.1632,1001,6785.279759
4505.4014,1001,6786.295927
4059.001,1001,6792.793351
-3670.2595,512,6796.364791
-2391.9385,547,6796.693781
2949.2988,359,6797.893096
-6354.0674,1001,6813.397254
-8150.7056,1001,6814.054943
-2837.0188,563,6815.085074
-2686.2395,635,6816.354407
-144.05963,1001,6817.03715
-5489.626,1001,6817.351373
2437.8254,267,6823.32775
-2668.5198,1001,6824.642106
-1334.0104,1001,6828.570183
-4596.8984,551,6841.409743
-5549.074,664,6845.500407
-2752.7437,313,6850.677731
-5157.054,579,6851.974106
6172.728,1001,6857.545917
-4338.379,1001,6858.247182
1831.268,1001,6858.615829
3305.781,1001,6864.590578
658.08325,1001,6869.811664
1746.9471,208,6871.156197
-2318.226,639,6872.618415
-8671.294,917,6875.463207
-3900.383,600,6877.968306
3526.4182,852,6878.767339
-3978.3716,814,6884.443672
-4827.349,523,6886.992485
-1988.2444,365,6890.084232
5357.653,1001,6890.807281
6544.1074,593,6892.263188
-2817.2158,326,6895.837182
-1565.9661,336,6903.08154
2957.543,1001,6905.204365
-13844.183,1001,6940.443089
-11203.624,1001,6940.443089
1426.1683,1001,6940.443089
-14122.391,1001,6940.443089
-790.55,1001,6940.443089
3097.5427,1001,6940.443089
1041.7487,1001,6940.443089
-13816.196,1001,6940.443089
-5981.617,1001,6955.696529
1599.5006,1001,6955.696529
-3905.3723,1001,6955.696529
2140.5525,1001,6955.696529
-1153.9502,1001,6955.696529
-1705.3049,1001,6955.696529
-13767.807,1001,6955.696529
-3400.6572,1001,6955.696529
